{
    "overall_auc": 0.8767363709069557,
    "threshold_f1": {
        "amr_true_paraphrases": 0.9785932721712538,
        "fb-anli-hyp-pre": 0.0,
        "fb-anli-pre-hyp": 0.0,
        "fb-xnli-hyp-pre": 0.0,
        "fb-xnli-pre-hyp": 0.0,
        "ms-mrpc": 0.7757951900698216,
        "onestop_parallel_all_pairs": 0.9941324392288349,
        "paws-x-test": 0.6380543633762518,
        "sickr-sts": 0.0,
        "stannlp-snli-hyp-pre": 0.0,
        "stannlp-snli-pre-hyp": 0.0,
        "stsbenchmark-test-sts": 0.49875311720698257,
        "tapaco_paraphrases": 0.6310746064339493,
        "overall_classify": 0.6375342235510186,
        "overall_minimize": 0.0,
        "overall_maximize": 0.8679334392780126,
        "overall_mean": 0.5018225542763437
    },
    "classifier_f1": {
        "amr_true_paraphrases": 0.852233676975945,
        "fb-anli-hyp-pre": 0.0,
        "fb-anli-pre-hyp": 0.0,
        "fb-xnli-hyp-pre": 0.0,
        "fb-xnli-pre-hyp": 0.0,
        "ms-mrpc": 0.5005393743257821,
        "onestop_parallel_all_pairs": 0.9285714285714286,
        "paws-x-test": 0.6270270270270271,
        "sickr-sts": 0.0,
        "stannlp-snli-hyp-pre": 0.0,
        "stannlp-snli-pre-hyp": 0.0,
        "stsbenchmark-test-sts": 0.5477707006369427,
        "tapaco_paraphrases": 0.3416252072968491,
        "overall_classify": 0.5584457006632505,
        "overall_minimize": 0.0,
        "overall_maximize": 0.7074767709480742,
        "overall_mean": 0.4219741572037749
    },
    "threshold_error": {
        "amr_true_paraphrases": 0.041916167664670656,
        "fb-anli-hyp-pre": 0.10776942355889729,
        "fb-anli-pre-hyp": 0.10776942355889729,
        "fb-xnli-hyp-pre": 0.04700000000000004,
        "fb-xnli-pre-hyp": 0.038000000000000034,
        "ms-mrpc": 0.28900000000000003,
        "onestop_parallel_all_pairs": 0.011666666666666714,
        "paws-x-test": 0.506,
        "sickr-sts": 0.404,
        "stannlp-snli-hyp-pre": 0.10199999999999998,
        "stannlp-snli-pre-hyp": 0.11299999999999999,
        "stsbenchmark-test-sts": 0.5946745562130178,
        "tapaco_paraphrases": 0.5389999999999999,
        "overall_classify": 0.4632248520710059,
        "overall_minimize": 0.13136269244539925,
        "overall_maximize": 0.1975276114437791,
        "overall_mean": 0.2640383853200614
    },
    "classifier_error": {
        "amr_true_paraphrases": 0.2574850299401198,
        "fb-anli-hyp-pre": 0.006265664160400974,
        "fb-anli-pre-hyp": 0.006265664160400974,
        "fb-xnli-hyp-pre": 0.0010000000000000009,
        "fb-xnli-pre-hyp": 0.0030000000000000027,
        "ms-mrpc": 0.46299999999999997,
        "onestop_parallel_all_pairs": 0.1333333333333333,
        "paws-x-test": 0.483,
        "sickr-sts": 0.255,
        "stannlp-snli-hyp-pre": 0.016000000000000014,
        "stannlp-snli-pre-hyp": 0.019000000000000017,
        "stsbenchmark-test-sts": 0.4201183431952663,
        "tapaco_paraphrases": 0.794,
        "overall_classify": 0.4553727810650887,
        "overall_minimize": 0.04379018976011457,
        "overall_maximize": 0.39493945442448436,
        "overall_mean": 0.2980341417498959
    }
}