{
    "overall_auc": 0.8744888587335893,
    "threshold_f1": {
        "amr_true_paraphrases": 0.9595015576323987,
        "fb-anli-hyp-pre": 0.0,
        "fb-anli-pre-hyp": 0.0,
        "fb-xnli-hyp-pre": 0.0,
        "fb-xnli-pre-hyp": 0.0,
        "ms-mrpc": 0.7380560131795717,
        "onestop_parallel_all_pairs": 0.990748528174937,
        "paws-x-test": 0.6288659793814433,
        "sickr-sts": 0.0,
        "stannlp-snli-hyp-pre": 0.0,
        "stannlp-snli-pre-hyp": 0.0,
        "stsbenchmark-test-sts": 0.5228426395939086,
        "tapaco_paraphrases": 0.7699876998769988,
        "overall_classify": 0.6299215440516411,
        "overall_minimize": 0.0,
        "overall_maximize": 0.9067459285614449,
        "overall_mean": 0.5122224908710287
    },
    "classifier_f1": {
        "amr_true_paraphrases": 0.8561643835616438,
        "fb-anli-hyp-pre": 0.0,
        "fb-anli-pre-hyp": 0.0,
        "fb-xnli-hyp-pre": 0.0,
        "fb-xnli-pre-hyp": 0.0,
        "ms-mrpc": 0.45393258426966293,
        "onestop_parallel_all_pairs": 0.9169675090252708,
        "paws-x-test": 0.6161137440758294,
        "sickr-sts": 0.0,
        "stannlp-snli-hyp-pre": 0.0,
        "stannlp-snli-pre-hyp": 0.0,
        "stsbenchmark-test-sts": 0.5822784810126582,
        "tapaco_paraphrases": 0.4579799537393986,
        "overall_classify": 0.5507749364527169,
        "overall_minimize": 0.0,
        "overall_maximize": 0.7437039487754378,
        "overall_mean": 0.4314929617427182
    },
    "threshold_error": {
        "amr_true_paraphrases": 0.07784431137724546,
        "fb-anli-hyp-pre": 0.022556390977443663,
        "fb-anli-pre-hyp": 0.022556390977443663,
        "fb-xnli-hyp-pre": 0.027000000000000024,
        "fb-xnli-pre-hyp": 0.018000000000000016,
        "ms-mrpc": 0.31799999999999995,
        "onestop_parallel_all_pairs": 0.018333333333333313,
        "paws-x-test": 0.504,
        "sickr-sts": 0.45999999999999996,
        "stannlp-snli-hyp-pre": 0.08699999999999997,
        "stannlp-snli-pre-hyp": 0.09399999999999997,
        "stsbenchmark-test-sts": 0.5562130177514792,
        "tapaco_paraphrases": 0.374,
        "overall_classify": 0.459404339250493,
        "overall_minimize": 0.10444468313641246,
        "overall_maximize": 0.15672588157019293,
        "overall_mean": 0.24019163465236615
    },
    "classifier_error": {
        "amr_true_paraphrases": 0.25149700598802394,
        "fb-anli-hyp-pre": 0.005012531328320802,
        "fb-anli-pre-hyp": 0.005012531328320802,
        "fb-xnli-hyp-pre": 0.0010000000000000009,
        "fb-xnli-pre-hyp": 0.0040000000000000036,
        "ms-mrpc": 0.486,
        "onestop_parallel_all_pairs": 0.15333333333333332,
        "paws-x-test": 0.486,
        "sickr-sts": 0.30800000000000005,
        "stannlp-snli-hyp-pre": 0.02100000000000002,
        "stannlp-snli-pre-hyp": 0.02400000000000002,
        "stsbenchmark-test-sts": 0.3905325443786982,
        "tapaco_paraphrases": 0.7030000000000001,
        "overall_classify": 0.4541775147928994,
        "overall_minimize": 0.05257500895094881,
        "overall_maximize": 0.36927677977378576,
        "overall_mean": 0.29200976783921134
    }
}