{
    "overall_auc": 0.8834932445535786,
    "threshold_f1": {
        "amr_true_paraphrases": 0.9878787878787879,
        "fb-anli-hyp-pre": 0.0,
        "fb-anli-pre-hyp": 0.0,
        "fb-xnli-hyp-pre": 0.0,
        "fb-xnli-pre-hyp": 0.0,
        "ms-mrpc": 0.8332170272156315,
        "onestop_parallel_all_pairs": 0.9941324392288349,
        "paws-x-test": 0.6377410468319559,
        "sickr-sts": 0.0,
        "stannlp-snli-hyp-pre": 0.0,
        "stannlp-snli-pre-hyp": 0.0,
        "stsbenchmark-test-sts": 0.503562945368171,
        "tapaco_paraphrases": 0.6422267481330618,
        "overall_classify": 0.6581736731385862,
        "overall_minimize": 0.0,
        "overall_maximize": 0.8747459917468948,
        "overall_mean": 0.5109732216284937
    },
    "classifier_f1": {
        "amr_true_paraphrases": 0.8482758620689655,
        "fb-anli-hyp-pre": 0.0,
        "fb-anli-pre-hyp": 0.0,
        "fb-xnli-hyp-pre": 0.0,
        "fb-xnli-pre-hyp": 0.0,
        "ms-mrpc": 0.43155452436194897,
        "onestop_parallel_all_pairs": 0.9140271493212669,
        "paws-x-test": 0.6328571428571429,
        "sickr-sts": 0.0,
        "stannlp-snli-hyp-pre": 0.0,
        "stannlp-snli-pre-hyp": 0.0,
        "stsbenchmark-test-sts": 0.6041666666666666,
        "tapaco_paraphrases": 0.3079526226734349,
        "overall_classify": 0.5561927779619195,
        "overall_minimize": 0.0,
        "overall_maximize": 0.6900852113545558,
        "overall_mean": 0.4154259964388251
    },
    "threshold_error": {
        "amr_true_paraphrases": 0.0239520958083832,
        "fb-anli-hyp-pre": 0.028822055137844638,
        "fb-anli-pre-hyp": 0.028822055137844638,
        "fb-xnli-hyp-pre": 0.09999999999999998,
        "fb-xnli-pre-hyp": 0.08399999999999996,
        "ms-mrpc": 0.239,
        "onestop_parallel_all_pairs": 0.011666666666666714,
        "paws-x-test": 0.526,
        "sickr-sts": 0.44599999999999995,
        "stannlp-snli-hyp-pre": 0.10499999999999998,
        "stannlp-snli-pre-hyp": 0.10599999999999998,
        "stsbenchmark-test-sts": 0.6183431952662721,
        "tapaco_paraphrases": 0.527,
        "overall_classify": 0.4611143984220907,
        "overall_minimize": 0.12837773003938416,
        "overall_maximize": 0.1875395874916833,
        "overall_mean": 0.25901057198438604
    },
    "classifier_error": {
        "amr_true_paraphrases": 0.26347305389221554,
        "fb-anli-hyp-pre": 0.0025062656641604564,
        "fb-anli-pre-hyp": 0.0025062656641604564,
        "fb-xnli-hyp-pre": 0.0020000000000000018,
        "fb-xnli-pre-hyp": 0.0030000000000000027,
        "ms-mrpc": 0.49,
        "onestop_parallel_all_pairs": 0.15833333333333333,
        "paws-x-test": 0.514,
        "sickr-sts": 0.22699999999999998,
        "stannlp-snli-hyp-pre": 0.013000000000000012,
        "stannlp-snli-pre-hyp": 0.017000000000000015,
        "stsbenchmark-test-sts": 0.3372781065088757,
        "tapaco_paraphrases": 0.8180000000000001,
        "overall_classify": 0.4470927021696252,
        "overall_minimize": 0.03814464733261728,
        "overall_maximize": 0.41326879574184966,
        "overall_mean": 0.29950204841469735
    }
}