{
    "overall_auc": 0.8259704439812354,
    "threshold_f1": {
        "amr_true_paraphrases": 0.9627329192546584,
        "fb-anli-hyp-pre": 0.0,
        "fb-anli-pre-hyp": 0.0,
        "fb-xnli-hyp-pre": 0.0,
        "fb-xnli-pre-hyp": 0.0,
        "ms-mrpc": 0.6777292576419214,
        "onestop_parallel_all_pairs": 0.9847715736040609,
        "paws-x-test": 0.6306569343065693,
        "sickr-sts": 0.0,
        "stannlp-snli-hyp-pre": 0.0,
        "stannlp-snli-pre-hyp": 0.0,
        "stsbenchmark-test-sts": 0.5135802469135803,
        "tapaco_paraphrases": 0.6052998605299861,
        "overall_classify": 0.6073221462873569,
        "overall_minimize": 0.0,
        "overall_maximize": 0.8509347844629018,
        "overall_mean": 0.48608564358341955
    },
    "classifier_f1": {
        "amr_true_paraphrases": 0.758364312267658,
        "fb-anli-hyp-pre": 0.0,
        "fb-anli-pre-hyp": 0.0,
        "fb-xnli-hyp-pre": 0.0,
        "fb-xnli-pre-hyp": 0.0,
        "ms-mrpc": 0.405152224824356,
        "onestop_parallel_all_pairs": 0.8516746411483254,
        "paws-x-test": 0.5975308641975309,
        "sickr-sts": 0.0,
        "stannlp-snli-hyp-pre": 0.0,
        "stannlp-snli-pre-hyp": 0.0,
        "stsbenchmark-test-sts": 0.5821917808219178,
        "tapaco_paraphrases": 0.27734711455641686,
        "overall_classify": 0.5282916232812682,
        "overall_minimize": 0.0,
        "overall_maximize": 0.6291286893241333,
        "overall_mean": 0.3858067708684672
    },
    "threshold_error": {
        "amr_true_paraphrases": 0.07185628742514971,
        "fb-anli-hyp-pre": 0.0864661654135338,
        "fb-anli-pre-hyp": 0.0864661654135338,
        "fb-xnli-hyp-pre": 0.08699999999999997,
        "fb-xnli-pre-hyp": 0.09899999999999998,
        "ms-mrpc": 0.369,
        "onestop_parallel_all_pairs": 0.030000000000000027,
        "paws-x-test": 0.506,
        "sickr-sts": 0.5409999999999999,
        "stannlp-snli-hyp-pre": 0.11399999999999999,
        "stannlp-snli-pre-hyp": 0.123,
        "stsbenchmark-test-sts": 0.5828402366863905,
        "tapaco_paraphrases": 0.5660000000000001,
        "overall_classify": 0.4859467455621302,
        "overall_minimize": 0.1624189044038668,
        "overall_maximize": 0.22261876247504994,
        "overall_mean": 0.29032813748034897
    },
    "classifier_error": {
        "amr_true_paraphrases": 0.3892215568862275,
        "fb-anli-hyp-pre": 0.007518796992481258,
        "fb-anli-pre-hyp": 0.007518796992481258,
        "fb-xnli-hyp-pre": 0.010000000000000009,
        "fb-xnli-pre-hyp": 0.007000000000000006,
        "ms-mrpc": 0.508,
        "onestop_parallel_all_pairs": 0.2583333333333333,
        "paws-x-test": 0.489,
        "sickr-sts": 0.33799999999999997,
        "stannlp-snli-hyp-pre": 0.014000000000000012,
        "stannlp-snli-pre-hyp": 0.020000000000000018,
        "stsbenchmark-test-sts": 0.36094674556213013,
        "tapaco_paraphrases": 0.839,
        "overall_classify": 0.4526489151873767,
        "overall_minimize": 0.057719656283566075,
        "overall_maximize": 0.49551829673985354,
        "overall_mean": 0.33529562273693214
    }
}