{
    "overall_auc": 0.8051169164405716,
    "threshold_f1": {
        "amr_true_paraphrases": 0.8866666666666667,
        "fb-anli-hyp-pre": 0.0,
        "fb-anli-pre-hyp": 0.0,
        "fb-xnli-hyp-pre": 0.0,
        "fb-xnli-pre-hyp": 0.0,
        "ms-mrpc": 0.6820603907637656,
        "onestop_parallel_all_pairs": 0.9816700610997964,
        "paws-x-test": 0.5738255033557047,
        "sickr-sts": 0.0,
        "stannlp-snli-hyp-pre": 0.0,
        "stannlp-snli-pre-hyp": 0.0,
        "stsbenchmark-test-sts": 0.4987405541561713,
        "tapaco_paraphrases": 0.3108108108108108,
        "overall_classify": 0.5848754827585472,
        "overall_minimize": 0.0,
        "overall_maximize": 0.7263825128590913,
        "overall_mean": 0.4370859985392128
    },
    "classifier_f1": {
        "amr_true_paraphrases": 0.7396226415094339,
        "fb-anli-hyp-pre": 0.0,
        "fb-anli-pre-hyp": 0.0,
        "fb-xnli-hyp-pre": 0.0,
        "fb-xnli-pre-hyp": 0.0,
        "ms-mrpc": 0.40825688073394495,
        "onestop_parallel_all_pairs": 0.8009592326139089,
        "paws-x-test": 0.5617977528089888,
        "sickr-sts": 0.0,
        "stannlp-snli-hyp-pre": 0.0,
        "stannlp-snli-pre-hyp": 0.0,
        "stsbenchmark-test-sts": 0.5414012738853503,
        "tapaco_paraphrases": 0.2332155477031802,
        "overall_classify": 0.503818635809428,
        "overall_minimize": 0.0,
        "overall_maximize": 0.5912658072755077,
        "overall_mean": 0.3650281476949786
    },
    "threshold_error": {
        "amr_true_paraphrases": 0.20359281437125754,
        "fb-anli-hyp-pre": 0.03200000000000003,
        "fb-anli-pre-hyp": 0.038000000000000034,
        "fb-xnli-hyp-pre": 0.06599999999999995,
        "fb-xnli-pre-hyp": 0.06000000000000005,
        "ms-mrpc": 0.358,
        "onestop_parallel_all_pairs": 0.03600000000000003,
        "paws-x-test": 0.508,
        "sickr-sts": 0.5640000000000001,
        "stannlp-snli-hyp-pre": 0.08599999999999997,
        "stannlp-snli-pre-hyp": 0.09599999999999997,
        "stsbenchmark-test-sts": 0.5887573964497042,
        "tapaco_paraphrases": 0.8160000000000001,
        "overall_classify": 0.48491913214990134,
        "overall_minimize": 0.1345714285714286,
        "overall_maximize": 0.3518642714570859,
        "overall_mean": 0.32378494405947195
    },
    "classifier_error": {
        "amr_true_paraphrases": 0.4131736526946108,
        "fb-anli-hyp-pre": 0.006000000000000005,
        "fb-anli-pre-hyp": 0.008000000000000007,
        "fb-xnli-hyp-pre": 0.006000000000000005,
        "fb-xnli-pre-hyp": 0.0040000000000000036,
        "ms-mrpc": 0.516,
        "onestop_parallel_all_pairs": 0.33199999999999996,
        "paws-x-test": 0.46799999999999997,
        "sickr-sts": 0.368,
        "stannlp-snli-hyp-pre": 0.01200000000000001,
        "stannlp-snli-pre-hyp": 0.01200000000000001,
        "stsbenchmark-test-sts": 0.42603550295857984,
        "tapaco_paraphrases": 0.868,
        "overall_classify": 0.4700118343195266,
        "overall_minimize": 0.059428571428571435,
        "overall_maximize": 0.5377245508982036,
        "overall_mean": 0.3557216522154339
    }
}