{
    "overall_auc": 0.8629889262889184,
    "threshold_f1": {
        "amr_true_paraphrases": 0.8976897689768977,
        "fb-anli-hyp-pre": 0.0,
        "fb-anli-pre-hyp": 0.0,
        "fb-xnli-hyp-pre": 0.0,
        "fb-xnli-pre-hyp": 0.0,
        "ms-mrpc": 0.7430441898527005,
        "onestop_parallel_all_pairs": 0.9813242784380306,
        "paws-x-test": 0.6358381502890174,
        "sickr-sts": 0.0,
        "stannlp-snli-hyp-pre": 0.0,
        "stannlp-snli-pre-hyp": 0.0,
        "stsbenchmark-test-sts": 0.5287958115183246,
        "tapaco_paraphrases": 0.7767584097859327,
        "overall_classify": 0.6358927172200142,
        "overall_minimize": 0.0,
        "overall_maximize": 0.8852574857336203,
        "overall_mean": 0.5070500676512114
    },
    "classifier_f1": {
        "amr_true_paraphrases": 0.6901960784313725,
        "fb-anli-hyp-pre": 0.0,
        "fb-anli-pre-hyp": 0.0,
        "fb-xnli-hyp-pre": 0.0,
        "fb-xnli-pre-hyp": 0.0,
        "ms-mrpc": 0.4568868980963046,
        "onestop_parallel_all_pairs": 0.8647114474929044,
        "paws-x-test": 0.624633431085044,
        "sickr-sts": 0.0,
        "stannlp-snli-hyp-pre": 0.0,
        "stannlp-snli-pre-hyp": 0.0,
        "stsbenchmark-test-sts": 0.5616438356164384,
        "tapaco_paraphrases": 0.6254295532646048,
        "overall_classify": 0.547721388265929,
        "overall_minimize": 0.0,
        "overall_maximize": 0.726779026396294,
        "overall_mean": 0.4248334715540743
    },
    "threshold_error": {
        "amr_true_paraphrases": 0.18562874251497008,
        "fb-anli-hyp-pre": 0.04636591478696739,
        "fb-anli-pre-hyp": 0.04636591478696739,
        "fb-xnli-hyp-pre": 0.038000000000000034,
        "fb-xnli-pre-hyp": 0.016000000000000014,
        "ms-mrpc": 0.31399999999999995,
        "onestop_parallel_all_pairs": 0.036666666666666625,
        "paws-x-test": 0.504,
        "sickr-sts": 0.41700000000000004,
        "stannlp-snli-hyp-pre": 0.123,
        "stannlp-snli-pre-hyp": 0.132,
        "stsbenchmark-test-sts": 0.5325443786982249,
        "tapaco_paraphrases": 0.365,
        "overall_classify": 0.45018145956607497,
        "overall_minimize": 0.11696168993913356,
        "overall_maximize": 0.1957651363938789,
        "overall_mean": 0.2543027619663625
    },
    "classifier_error": {
        "amr_true_paraphrases": 0.4730538922155688,
        "fb-anli-hyp-pre": 0.011278195488721776,
        "fb-anli-pre-hyp": 0.011278195488721776,
        "fb-xnli-hyp-pre": 0.03700000000000003,
        "fb-xnli-pre-hyp": 0.02200000000000002,
        "ms-mrpc": 0.485,
        "onestop_parallel_all_pairs": 0.23833333333333329,
        "paws-x-test": 0.512,
        "sickr-sts": 0.22899999999999998,
        "stannlp-snli-hyp-pre": 0.016000000000000014,
        "stannlp-snli-pre-hyp": 0.013000000000000012,
        "stsbenchmark-test-sts": 0.37869822485207105,
        "tapaco_paraphrases": 0.5449999999999999,
        "overall_classify": 0.45856607495069035,
        "overall_minimize": 0.04850805585392052,
        "overall_maximize": 0.418795741849634,
        "overall_mean": 0.30862329088474827
    }
}