{
    "overall_auc": 0.7718250422501927,
    "threshold_f1": {
        "amr_true_paraphrases": 0.9754601226993865,
        "fb-anli-hyp-pre": 0.0,
        "fb-anli-pre-hyp": 0.0,
        "fb-xnli-hyp-pre": 0.0,
        "fb-xnli-pre-hyp": 0.0,
        "ms-mrpc": 0.6042065009560229,
        "onestop_parallel_all_pairs": 0.9915966386554622,
        "paws-x-test": 0.6203773584905661,
        "sickr-sts": 0.0,
        "stannlp-snli-hyp-pre": 0.0,
        "stannlp-snli-pre-hyp": 0.0,
        "stsbenchmark-test-sts": 0.513715710723192,
        "tapaco_paraphrases": 0.24253075571177504,
        "overall_classify": 0.5794331900565937,
        "overall_minimize": 0.0,
        "overall_maximize": 0.7365291723555413,
        "overall_mean": 0.4386541208040449
    },
    "classifier_f1": {
        "amr_true_paraphrases": 0.664,
        "fb-anli-hyp-pre": 0.0,
        "fb-anli-pre-hyp": 0.0,
        "fb-xnli-hyp-pre": 0.0,
        "fb-xnli-pre-hyp": 0.0,
        "ms-mrpc": 0.37825059101654845,
        "onestop_parallel_all_pairs": 0.8130563798219584,
        "paws-x-test": 0.603642671292281,
        "sickr-sts": 0.0,
        "stannlp-snli-hyp-pre": 0.0,
        "stannlp-snli-pre-hyp": 0.0,
        "stsbenchmark-test-sts": 0.5853658536585366,
        "tapaco_paraphrases": 0.14814814814814814,
        "overall_classify": 0.5224197053224553,
        "overall_minimize": 0.0,
        "overall_maximize": 0.5417348426567022,
        "overall_mean": 0.35471818265971916
    },
    "threshold_error": {
        "amr_true_paraphrases": 0.04790419161676651,
        "fb-anli-hyp-pre": 0.0714285714285714,
        "fb-anli-pre-hyp": 0.0714285714285714,
        "fb-xnli-hyp-pre": 0.031000000000000028,
        "fb-xnli-pre-hyp": 0.04300000000000004,
        "ms-mrpc": 0.41400000000000003,
        "onestop_parallel_all_pairs": 0.01666666666666672,
        "paws-x-test": 0.503,
        "sickr-sts": 0.515,
        "stannlp-snli-hyp-pre": 0.08799999999999997,
        "stannlp-snli-pre-hyp": 0.08199999999999996,
        "stsbenchmark-test-sts": 0.5769230769230769,
        "tapaco_paraphrases": 0.862,
        "overall_classify": 0.497974358974359,
        "overall_minimize": 0.12883673469387755,
        "overall_maximize": 0.3088569527611444,
        "overall_mean": 0.31188934880979363
    },
    "classifier_error": {
        "amr_true_paraphrases": 0.5029940119760479,
        "fb-anli-hyp-pre": 0.01754385964912286,
        "fb-anli-pre-hyp": 0.01754385964912286,
        "fb-xnli-hyp-pre": 0.0020000000000000018,
        "fb-xnli-pre-hyp": 0.0050000000000000044,
        "ms-mrpc": 0.526,
        "onestop_parallel_all_pairs": 0.31499999999999995,
        "paws-x-test": 0.45699999999999996,
        "sickr-sts": 0.267,
        "stannlp-snli-hyp-pre": 0.014000000000000012,
        "stannlp-snli-pre-hyp": 0.018000000000000016,
        "stsbenchmark-test-sts": 0.3520710059171598,
        "tapaco_paraphrases": 0.92,
        "overall_classify": 0.44502366863905324,
        "overall_minimize": 0.04872681704260654,
        "overall_maximize": 0.5793313373253492,
        "overall_mean": 0.3576939410023363
    }
}