{
    "overall_auc": 0.8729386731564408,
    "threshold_f1": {
        "amr_true_paraphrases": 0.8976897689768977,
        "fb-anli-hyp-pre": 0.0,
        "fb-anli-pre-hyp": 0.0,
        "fb-xnli-hyp-pre": 0.0,
        "fb-xnli-pre-hyp": 0.0,
        "ms-mrpc": 0.6985815602836879,
        "onestop_parallel_all_pairs": 0.9785495403472931,
        "paws-x-test": 0.578386605783866,
        "sickr-sts": 0.0,
        "stannlp-snli-hyp-pre": 0.0,
        "stannlp-snli-pre-hyp": 0.0,
        "stsbenchmark-test-sts": 0.5287958115183246,
        "tapaco_paraphrases": 0.7834549878345499,
        "overall_classify": 0.6019213258619596,
        "overall_minimize": 0.0,
        "overall_maximize": 0.8865647657195802,
        "overall_mean": 0.4961620305271799
    },
    "classifier_f1": {
        "amr_true_paraphrases": 0.8716216216216216,
        "fb-anli-hyp-pre": 0.0,
        "fb-anli-pre-hyp": 0.0,
        "fb-xnli-hyp-pre": 0.0,
        "fb-xnli-pre-hyp": 0.0,
        "ms-mrpc": 0.3764172335600907,
        "onestop_parallel_all_pairs": 0.5734664764621968,
        "paws-x-test": 0.2984126984126984,
        "sickr-sts": 0.0,
        "stannlp-snli-hyp-pre": 0.0,
        "stannlp-snli-pre-hyp": 0.0,
        "stsbenchmark-test-sts": 0.4714828897338403,
        "tapaco_paraphrases": 0.6338797814207651,
        "overall_classify": 0.3821042739022098,
        "overall_minimize": 0.0,
        "overall_maximize": 0.6929892931681945,
        "overall_mean": 0.35836452235680144
    },
    "threshold_error": {
        "amr_true_paraphrases": 0.18562874251497008,
        "fb-anli-hyp-pre": 0.02200000000000002,
        "fb-anli-pre-hyp": 0.03200000000000003,
        "fb-xnli-hyp-pre": 0.026000000000000023,
        "fb-xnli-pre-hyp": 0.018000000000000016,
        "ms-mrpc": 0.33999999999999997,
        "onestop_parallel_all_pairs": 0.04200000000000004,
        "paws-x-test": 0.554,
        "sickr-sts": 0.372,
        "stannlp-snli-hyp-pre": 0.07399999999999995,
        "stannlp-snli-pre-hyp": 0.07799999999999996,
        "stsbenchmark-test-sts": 0.5325443786982249,
        "tapaco_paraphrases": 0.356,
        "overall_classify": 0.47551479289940835,
        "overall_minimize": 0.08885714285714286,
        "overall_maximize": 0.1945429141716567,
        "overall_mean": 0.252971616642736
    },
    "classifier_error": {
        "amr_true_paraphrases": 0.22754491017964074,
        "fb-anli-hyp-pre": 0.016000000000000014,
        "fb-anli-pre-hyp": 0.03400000000000003,
        "fb-xnli-hyp-pre": 0.062000000000000055,
        "fb-xnli-pre-hyp": 0.04600000000000004,
        "ms-mrpc": 0.55,
        "onestop_parallel_all_pairs": 0.598,
        "paws-x-test": 0.44199999999999995,
        "sickr-sts": 0.14800000000000002,
        "stannlp-snli-hyp-pre": 0.01200000000000001,
        "stannlp-snli-pre-hyp": 0.014000000000000012,
        "stsbenchmark-test-sts": 0.41124260355029585,
        "tapaco_paraphrases": 0.536,
        "overall_classify": 0.46774753451676526,
        "overall_minimize": 0.04742857142857145,
        "overall_maximize": 0.45384830339321364,
        "overall_mean": 0.3230081364461834
    }
}