{
    "overall_auc": 0.8729386731564408,
    "threshold_f1": {
        "amr_true_paraphrases": 0.8976897689768977,
        "fb-anli-hyp-pre": 0.0,
        "fb-anli-pre-hyp": 0.0,
        "fb-xnli-hyp-pre": 0.0,
        "fb-xnli-pre-hyp": 0.0,
        "ms-mrpc": 0.6985815602836879,
        "onestop_parallel_all_pairs": 0.9785495403472931,
        "paws-x-test": 0.578386605783866,
        "sickr-sts": 0.0,
        "stannlp-snli-hyp-pre": 0.0,
        "stannlp-snli-pre-hyp": 0.0,
        "stsbenchmark-test-sts": 0.5287958115183246,
        "tapaco_paraphrases": 0.7834549878345499,
        "overall_classify": 0.6019213258619596,
        "overall_minimize": 0.0,
        "overall_maximize": 0.8865647657195802,
        "overall_mean": 0.4961620305271799
    },
    "classifier_f1": {
        "amr_true_paraphrases": 0.4608294930875576,
        "fb-anli-hyp-pre": 0.0,
        "fb-anli-pre-hyp": 0.0,
        "fb-xnli-hyp-pre": 0.0,
        "fb-xnli-pre-hyp": 0.0,
        "ms-mrpc": 0.2727272727272727,
        "onestop_parallel_all_pairs": 0.12734082397003746,
        "paws-x-test": 0.23104693140794225,
        "sickr-sts": 0.0,
        "stannlp-snli-hyp-pre": 0.0,
        "stannlp-snli-pre-hyp": 0.0,
        "stsbenchmark-test-sts": 0.32653061224489793,
        "tapaco_paraphrases": 0.05825242718446602,
        "overall_classify": 0.27676827212670424,
        "overall_minimize": 0.0,
        "overall_maximize": 0.21547424808068702,
        "overall_mean": 0.1640808400691304
    },
    "threshold_error": {
        "amr_true_paraphrases": 0.18562874251497008,
        "fb-anli-hyp-pre": 0.02200000000000002,
        "fb-anli-pre-hyp": 0.03200000000000003,
        "fb-xnli-hyp-pre": 0.026000000000000023,
        "fb-xnli-pre-hyp": 0.018000000000000016,
        "ms-mrpc": 0.33999999999999997,
        "onestop_parallel_all_pairs": 0.04200000000000004,
        "paws-x-test": 0.554,
        "sickr-sts": 0.372,
        "stannlp-snli-hyp-pre": 0.07399999999999995,
        "stannlp-snli-pre-hyp": 0.07799999999999996,
        "stsbenchmark-test-sts": 0.5325443786982249,
        "tapaco_paraphrases": 0.356,
        "overall_classify": 0.47551479289940835,
        "overall_minimize": 0.08885714285714286,
        "overall_maximize": 0.1945429141716567,
        "overall_mean": 0.252971616642736
    },
    "classifier_error": {
        "amr_true_paraphrases": 0.7005988023952097,
        "fb-anli-hyp-pre": 0.132,
        "fb-anli-pre-hyp": 0.124,
        "fb-xnli-hyp-pre": 0.30400000000000005,
        "fb-xnli-pre-hyp": 0.30600000000000005,
        "ms-mrpc": 0.64,
        "onestop_parallel_all_pairs": 0.9319999999999999,
        "paws-x-test": 0.42600000000000005,
        "sickr-sts": 0.01200000000000001,
        "stannlp-snli-hyp-pre": 0.008000000000000007,
        "stannlp-snli-pre-hyp": 0.006000000000000005,
        "stsbenchmark-test-sts": 0.3905325443786982,
        "tapaco_paraphrases": 0.97,
        "overall_classify": 0.48551084812623274,
        "overall_minimize": 0.12742857142857145,
        "overall_maximize": 0.8675329341317365,
        "overall_mean": 0.49349078456218026
    }
}