{
    "overall_auc": 0.916882522478601,
    "threshold_f1": {
        "amr_true_paraphrases": 0.9463722397476341,
        "fb-anli-hyp-pre": 0.0,
        "fb-anli-pre-hyp": 0.0,
        "fb-xnli-hyp-pre": 0.0,
        "fb-xnli-pre-hyp": 0.0,
        "ms-mrpc": 0.6195028680688337,
        "onestop_parallel_all_pairs": 0.983739837398374,
        "paws-x-test": 0.5772230889235569,
        "sickr-sts": 0.0,
        "stannlp-snli-hyp-pre": 0.0,
        "stannlp-snli-pre-hyp": 0.0,
        "stsbenchmark-test-sts": 0.5173333333333333,
        "overall_classify": 0.5713530967752413,
        "overall_minimize": 0.0,
        "overall_maximize": 0.965056038573004,
        "overall_mean": 0.5121363784494152
    },
    "classifier_f1": {
        "amr_true_paraphrases": 0.6586345381526104,
        "fb-anli-hyp-pre": 0.0,
        "fb-anli-pre-hyp": 0.0,
        "fb-xnli-hyp-pre": 1.0,
        "fb-xnli-pre-hyp": 0.0,
        "ms-mrpc": 0.397196261682243,
        "onestop_parallel_all_pairs": 0.8276670574443142,
        "paws-x-test": 0.5693950177935944,
        "sickr-sts": 0.0,
        "stannlp-snli-hyp-pre": 0.0,
        "stannlp-snli-pre-hyp": 0.0,
        "stsbenchmark-test-sts": 0.556390977443609,
        "overall_classify": 0.5076607523064821,
        "overall_minimize": 0.14285714285714285,
        "overall_maximize": 0.7431507977984624,
        "overall_mean": 0.4645562309873625
    },
    "threshold_error": {
        "amr_true_paraphrases": 0.10179640718562877,
        "fb-anli-hyp-pre": 0.03600000000000003,
        "fb-anli-pre-hyp": 0.03600000000000003,
        "fb-xnli-hyp-pre": 0.014000000000000012,
        "fb-xnli-pre-hyp": 0.008000000000000007,
        "ms-mrpc": 0.398,
        "onestop_parallel_all_pairs": 0.03200000000000003,
        "paws-x-test": 0.542,
        "sickr-sts": 0.32799999999999996,
        "stannlp-snli-hyp-pre": 0.04800000000000004,
        "stannlp-snli-pre-hyp": 0.05400000000000005,
        "stsbenchmark-test-sts": 0.5355029585798816,
        "overall_classify": 0.49183431952662726,
        "overall_minimize": 0.07485714285714287,
        "overall_maximize": 0.0668982035928144,
        "overall_mean": 0.21119655532552817
    },
    "classifier_error": {
        "amr_true_paraphrases": 0.5089820359281437,
        "fb-anli-hyp-pre": 0.0020000000000000018,
        "fb-anli-pre-hyp": 0.0040000000000000036,
        "fb-xnli-hyp-pre": 0.0,
        "fb-xnli-pre-hyp": 0.0020000000000000018,
        "ms-mrpc": 0.516,
        "onestop_parallel_all_pairs": 0.29400000000000004,
        "paws-x-test": 0.484,
        "sickr-sts": 0.252,
        "stannlp-snli-hyp-pre": 0.008000000000000007,
        "stannlp-snli-pre-hyp": 0.01200000000000001,
        "stsbenchmark-test-sts": 0.34911242603550297,
        "overall_classify": 0.44970414201183434,
        "overall_minimize": 0.04,
        "overall_maximize": 0.4014910179640719,
        "overall_mean": 0.2970650533253021
    }
}