{
    "overall_auc": 0.9147778831036799,
    "threshold_f1": {
        "amr_true_paraphrases": 0.9155844155844156,
        "fb-anli-hyp-pre": 0.0,
        "fb-anli-pre-hyp": 0.0,
        "fb-xnli-hyp-pre": 0.0,
        "fb-xnli-pre-hyp": 0.0,
        "ms-mrpc": 0.6617915904936015,
        "onestop_parallel_all_pairs": 0.9868287740628167,
        "paws-x-test": 0.5733113673805601,
        "sickr-sts": 0.0,
        "stannlp-snli-hyp-pre": 0.0,
        "stannlp-snli-pre-hyp": 0.0,
        "stsbenchmark-test-sts": 0.5354330708661418,
        "overall_classify": 0.5901786762467678,
        "overall_minimize": 0.0,
        "overall_maximize": 0.9512065948236161,
        "overall_mean": 0.5137950903567946
    },
    "classifier_f1": {
        "amr_true_paraphrases": 0.753731343283582,
        "fb-anli-hyp-pre": 0.0,
        "fb-anli-pre-hyp": 0.0,
        "fb-xnli-hyp-pre": 0.0,
        "fb-xnli-pre-hyp": 0.0,
        "ms-mrpc": 0.3657957244655582,
        "onestop_parallel_all_pairs": 0.8207547169811321,
        "paws-x-test": 0.5457875457875457,
        "sickr-sts": 0.0,
        "stannlp-snli-hyp-pre": 0.0,
        "stannlp-snli-pre-hyp": 0.0,
        "stsbenchmark-test-sts": 0.5925925925925926,
        "overall_classify": 0.5013919542818989,
        "overall_minimize": 0.0,
        "overall_maximize": 0.7872430301323571,
        "overall_mean": 0.429544994804752
    },
    "threshold_error": {
        "amr_true_paraphrases": 0.15568862275449102,
        "fb-anli-hyp-pre": 0.008000000000000007,
        "fb-anli-pre-hyp": 0.014000000000000012,
        "fb-xnli-hyp-pre": 0.010000000000000009,
        "fb-xnli-pre-hyp": 0.010000000000000009,
        "ms-mrpc": 0.37,
        "onestop_parallel_all_pairs": 0.026000000000000023,
        "paws-x-test": 0.518,
        "sickr-sts": 0.43600000000000005,
        "stannlp-snli-hyp-pre": 0.03200000000000003,
        "stannlp-snli-pre-hyp": 0.04800000000000004,
        "stsbenchmark-test-sts": 0.5236686390532544,
        "overall_classify": 0.47055621301775147,
        "overall_minimize": 0.07971428571428574,
        "overall_maximize": 0.09084431137724552,
        "overall_mean": 0.21370493670309423
    },
    "classifier_error": {
        "amr_true_paraphrases": 0.39520958083832336,
        "fb-anli-hyp-pre": 0.0040000000000000036,
        "fb-anli-pre-hyp": 0.008000000000000007,
        "fb-xnli-hyp-pre": 0.0020000000000000018,
        "fb-xnli-pre-hyp": 0.0020000000000000018,
        "ms-mrpc": 0.534,
        "onestop_parallel_all_pairs": 0.30400000000000005,
        "paws-x-test": 0.496,
        "sickr-sts": 0.26,
        "stannlp-snli-hyp-pre": 0.008000000000000007,
        "stannlp-snli-pre-hyp": 0.014000000000000012,
        "stsbenchmark-test-sts": 0.3254437869822485,
        "overall_classify": 0.4518145956607495,
        "overall_minimize": 0.04257142857142858,
        "overall_maximize": 0.3496047904191617,
        "overall_mean": 0.2813302715504466
    }
}