{
    "overall_auc": 0.9214798715208848,
    "threshold_f1": {
        "amr_true_paraphrases": 0.9120521172638436,
        "fb-anli-hyp-pre": 0.0,
        "fb-anli-pre-hyp": 0.0,
        "fb-xnli-hyp-pre": 0.0,
        "fb-xnli-pre-hyp": 0.0,
        "ms-mrpc": 0.6454033771106942,
        "onestop_parallel_all_pairs": 0.9868287740628167,
        "paws-x-test": 0.5867052023121387,
        "sickr-sts": 0.0,
        "stannlp-snli-hyp-pre": 0.0,
        "stannlp-snli-pre-hyp": 0.0,
        "stsbenchmark-test-sts": 0.5340314136125655,
        "overall_classify": 0.5887133310117995,
        "overall_minimize": 0.0,
        "overall_maximize": 0.9494404456633301,
        "overall_mean": 0.5127179255583765
    },
    "classifier_f1": {
        "amr_true_paraphrases": 0.7300380228136882,
        "fb-anli-hyp-pre": 0.0,
        "fb-anli-pre-hyp": 0.0,
        "fb-xnli-hyp-pre": 1.0,
        "fb-xnli-pre-hyp": 0.0,
        "ms-mrpc": 0.3446601941747573,
        "onestop_parallel_all_pairs": 0.8095238095238095,
        "paws-x-test": 0.584518167456556,
        "sickr-sts": 0.0,
        "stannlp-snli-hyp-pre": 0.0,
        "stannlp-snli-pre-hyp": 0.0,
        "stsbenchmark-test-sts": 0.6299212598425197,
        "overall_classify": 0.519699873824611,
        "overall_minimize": 0.14285714285714285,
        "overall_maximize": 0.7697809161687489,
        "overall_mean": 0.4774459776168342
    },
    "threshold_error": {
        "amr_true_paraphrases": 0.16167664670658688,
        "fb-anli-hyp-pre": 0.01200000000000001,
        "fb-anli-pre-hyp": 0.016000000000000014,
        "fb-xnli-hyp-pre": 0.02400000000000002,
        "fb-xnli-pre-hyp": 0.02400000000000002,
        "ms-mrpc": 0.378,
        "onestop_parallel_all_pairs": 0.026000000000000023,
        "paws-x-test": 0.5720000000000001,
        "sickr-sts": 0.346,
        "stannlp-snli-hyp-pre": 0.04200000000000004,
        "stannlp-snli-pre-hyp": 0.04800000000000004,
        "stsbenchmark-test-sts": 0.5266272189349113,
        "overall_classify": 0.49220907297830374,
        "overall_minimize": 0.07314285714285716,
        "overall_maximize": 0.09383832335329345,
        "overall_mean": 0.2197300844914848
    },
    "classifier_error": {
        "amr_true_paraphrases": 0.4251497005988024,
        "fb-anli-hyp-pre": 0.0020000000000000018,
        "fb-anli-pre-hyp": 0.0040000000000000036,
        "fb-xnli-hyp-pre": 0.0,
        "fb-xnli-pre-hyp": 0.0040000000000000036,
        "ms-mrpc": 0.54,
        "onestop_parallel_all_pairs": 0.31999999999999995,
        "paws-x-test": 0.526,
        "sickr-sts": 0.23199999999999998,
        "stannlp-snli-hyp-pre": 0.008000000000000007,
        "stannlp-snli-pre-hyp": 0.010000000000000009,
        "stsbenchmark-test-sts": 0.2781065088757396,
        "overall_classify": 0.4480355029585799,
        "overall_minimize": 0.037142857142857144,
        "overall_maximize": 0.3725748502994012,
        "overall_mean": 0.28591773680027943
    }
}