{
    "overall_auc": 0.8948489545791389,
    "threshold_f1": {
        "amr_true_paraphrases": 0.9049180327868852,
        "fb-anli-hyp-pre": 0.0,
        "fb-anli-pre-hyp": 0.0,
        "fb-xnli-hyp-pre": 0.0,
        "fb-xnli-pre-hyp": 0.0,
        "ms-mrpc": 0.6011560693641619,
        "onestop_parallel_all_pairs": 0.9604989604989606,
        "paws-x-test": 0.5620915032679739,
        "sickr-sts": 0.0,
        "stannlp-snli-hyp-pre": 0.0,
        "stannlp-snli-pre-hyp": 0.0,
        "stsbenchmark-test-sts": 0.5509641873278237,
        "overall_classify": 0.5714039199866531,
        "overall_minimize": 0.0,
        "overall_maximize": 0.9327084966429229,
        "overall_mean": 0.5013708055431919
    },
    "classifier_f1": {
        "amr_true_paraphrases": 0.6255144032921811,
        "fb-anli-hyp-pre": 0.0,
        "fb-anli-pre-hyp": 0.0,
        "fb-xnli-hyp-pre": 0.0,
        "fb-xnli-pre-hyp": 0.0,
        "ms-mrpc": 0.37825059101654845,
        "onestop_parallel_all_pairs": 0.7760097919216646,
        "paws-x-test": 0.5478424015009381,
        "sickr-sts": 0.0,
        "stannlp-snli-hyp-pre": 0.0,
        "stannlp-snli-pre-hyp": 0.0,
        "stsbenchmark-test-sts": 0.5939849624060151,
        "overall_classify": 0.5066926516411673,
        "overall_minimize": 0.0,
        "overall_maximize": 0.7007620976069229,
        "overall_mean": 0.40248491641603
    },
    "threshold_error": {
        "amr_true_paraphrases": 0.17365269461077848,
        "fb-anli-hyp-pre": 0.02200000000000002,
        "fb-anli-pre-hyp": 0.028000000000000025,
        "fb-xnli-hyp-pre": 0.03200000000000003,
        "fb-xnli-pre-hyp": 0.026000000000000023,
        "ms-mrpc": 0.41400000000000003,
        "onestop_parallel_all_pairs": 0.07599999999999996,
        "paws-x-test": 0.536,
        "sickr-sts": 0.43799999999999994,
        "stannlp-snli-hyp-pre": 0.05800000000000005,
        "stannlp-snli-pre-hyp": 0.052000000000000046,
        "stsbenchmark-test-sts": 0.4822485207100592,
        "overall_classify": 0.47741617357001975,
        "overall_minimize": 0.09371428571428574,
        "overall_maximize": 0.12482634730538922,
        "overall_mean": 0.23198560219656492
    },
    "classifier_error": {
        "amr_true_paraphrases": 0.5449101796407185,
        "fb-anli-hyp-pre": 0.0020000000000000018,
        "fb-anli-pre-hyp": 0.0040000000000000036,
        "fb-xnli-hyp-pre": 0.0020000000000000018,
        "fb-xnli-pre-hyp": 0.0020000000000000018,
        "ms-mrpc": 0.526,
        "onestop_parallel_all_pairs": 0.366,
        "paws-x-test": 0.482,
        "sickr-sts": 0.30000000000000004,
        "stannlp-snli-hyp-pre": 0.008000000000000007,
        "stannlp-snli-pre-hyp": 0.01200000000000001,
        "stsbenchmark-test-sts": 0.3195266272189349,
        "overall_classify": 0.4425088757396449,
        "overall_minimize": 0.04714285714285715,
        "overall_maximize": 0.45545508982035926,
        "overall_mean": 0.31503560756762045
    }
}