{
    "overall_auc": 0.894402926910776,
    "threshold_f1": {
        "amr_true_paraphrases": 0.8677966101694915,
        "fb-anli-hyp-pre": 0.0,
        "fb-anli-pre-hyp": 0.0,
        "fb-xnli-hyp-pre": 0.0,
        "fb-xnli-pre-hyp": 0.0,
        "ms-mrpc": 0.6605839416058394,
        "onestop_parallel_all_pairs": 0.9648033126293996,
        "paws-x-test": 0.5743944636678201,
        "sickr-sts": 0.0,
        "stannlp-snli-hyp-pre": 0.0,
        "stannlp-snli-pre-hyp": 0.0,
        "stsbenchmark-test-sts": 0.5150684931506849,
        "overall_classify": 0.5833489661414482,
        "overall_minimize": 0.0,
        "overall_maximize": 0.9162999613994456,
        "overall_mean": 0.49988297584696456
    },
    "classifier_f1": {
        "amr_true_paraphrases": 0.6083333333333333,
        "fb-anli-hyp-pre": 0.0,
        "fb-anli-pre-hyp": 0.0,
        "fb-xnli-hyp-pre": 0.0,
        "fb-xnli-pre-hyp": 0.0,
        "ms-mrpc": 0.34134615384615385,
        "onestop_parallel_all_pairs": 0.7714987714987716,
        "paws-x-test": 0.5623762376237624,
        "sickr-sts": 0.0,
        "stannlp-snli-hyp-pre": 0.0,
        "stannlp-snli-pre-hyp": 0.0,
        "stsbenchmark-test-sts": 0.5441696113074205,
        "overall_classify": 0.4826306675924456,
        "overall_minimize": 0.0,
        "overall_maximize": 0.6899160524160524,
        "overall_mean": 0.39084890666949934
    },
    "threshold_error": {
        "amr_true_paraphrases": 0.23353293413173648,
        "fb-anli-hyp-pre": 0.010000000000000009,
        "fb-anli-pre-hyp": 0.014000000000000012,
        "fb-xnli-hyp-pre": 0.020000000000000018,
        "fb-xnli-pre-hyp": 0.014000000000000012,
        "ms-mrpc": 0.372,
        "onestop_parallel_all_pairs": 0.06799999999999995,
        "paws-x-test": 0.492,
        "sickr-sts": 0.42800000000000005,
        "stannlp-snli-hyp-pre": 0.040000000000000036,
        "stannlp-snli-pre-hyp": 0.05400000000000005,
        "stsbenchmark-test-sts": 0.5236686390532544,
        "overall_classify": 0.46255621301775146,
        "overall_minimize": 0.08285714285714288,
        "overall_maximize": 0.15076646706586821,
        "overall_mean": 0.23205994098025418
    },
    "classifier_error": {
        "amr_true_paraphrases": 0.562874251497006,
        "fb-anli-hyp-pre": 0.0020000000000000018,
        "fb-anli-pre-hyp": 0.0040000000000000036,
        "fb-xnli-hyp-pre": 0.0020000000000000018,
        "fb-xnli-pre-hyp": 0.0020000000000000018,
        "ms-mrpc": 0.548,
        "onestop_parallel_all_pairs": 0.372,
        "paws-x-test": 0.44199999999999995,
        "sickr-sts": 0.31399999999999995,
        "stannlp-snli-hyp-pre": 0.010000000000000009,
        "stannlp-snli-pre-hyp": 0.006000000000000005,
        "stsbenchmark-test-sts": 0.38165680473372776,
        "overall_classify": 0.4572189349112426,
        "overall_minimize": 0.048571428571428564,
        "overall_maximize": 0.467437125748503,
        "overall_mean": 0.324409163077058
    }
}