{
    "overall_auc": 0.9028378499097456,
    "threshold_f1": {
        "amr_true_paraphrases": 0.8677966101694915,
        "fb-anli-hyp-pre": 0.0,
        "fb-anli-pre-hyp": 0.0,
        "fb-xnli-hyp-pre": 0.0,
        "fb-xnli-pre-hyp": 0.0,
        "ms-mrpc": 0.6812386156648452,
        "onestop_parallel_all_pairs": 0.9785495403472931,
        "paws-x-test": 0.5802469135802469,
        "sickr-sts": 0.0,
        "stannlp-snli-hyp-pre": 0.0,
        "stannlp-snli-pre-hyp": 0.0,
        "stsbenchmark-test-sts": 0.5257452574525745,
        "overall_classify": 0.5957435955658889,
        "overall_minimize": 0.0,
        "overall_maximize": 0.9231730752583923,
        "overall_mean": 0.5063055569414271
    },
    "classifier_f1": {
        "amr_true_paraphrases": 0.5155555555555555,
        "fb-anli-hyp-pre": 0.0,
        "fb-anli-pre-hyp": 0.0,
        "fb-xnli-hyp-pre": 0.0,
        "fb-xnli-pre-hyp": 0.0,
        "ms-mrpc": 0.3700234192037471,
        "onestop_parallel_all_pairs": 0.7437185929648241,
        "paws-x-test": 0.5777777777777777,
        "sickr-sts": 0.0,
        "stannlp-snli-hyp-pre": 0.0,
        "stannlp-snli-pre-hyp": 0.0,
        "stsbenchmark-test-sts": 0.5494505494505495,
        "overall_classify": 0.4990839154773581,
        "overall_minimize": 0.0,
        "overall_maximize": 0.6296370742601898,
        "overall_mean": 0.37624032991251594
    },
    "threshold_error": {
        "amr_true_paraphrases": 0.23353293413173648,
        "fb-anli-hyp-pre": 0.02200000000000002,
        "fb-anli-pre-hyp": 0.03200000000000003,
        "fb-xnli-hyp-pre": 0.026000000000000023,
        "fb-xnli-pre-hyp": 0.014000000000000012,
        "ms-mrpc": 0.35,
        "onestop_parallel_all_pairs": 0.04200000000000004,
        "paws-x-test": 0.544,
        "sickr-sts": 0.366,
        "stannlp-snli-hyp-pre": 0.07399999999999995,
        "stannlp-snli-pre-hyp": 0.07799999999999996,
        "stsbenchmark-test-sts": 0.5177514792899408,
        "overall_classify": 0.47058382642998026,
        "overall_minimize": 0.08742857142857142,
        "overall_maximize": 0.13776646706586826,
        "overall_mean": 0.23192628830814
    },
    "classifier_error": {
        "amr_true_paraphrases": 0.652694610778443,
        "fb-anli-hyp-pre": 0.0040000000000000036,
        "fb-anli-pre-hyp": 0.010000000000000009,
        "fb-xnli-hyp-pre": 0.0040000000000000036,
        "fb-xnli-pre-hyp": 0.006000000000000005,
        "ms-mrpc": 0.538,
        "onestop_parallel_all_pairs": 0.40800000000000003,
        "paws-x-test": 0.532,
        "sickr-sts": 0.22799999999999998,
        "stannlp-snli-hyp-pre": 0.0040000000000000036,
        "stannlp-snli-pre-hyp": 0.010000000000000009,
        "stsbenchmark-test-sts": 0.36390532544378695,
        "overall_classify": 0.4779684418145957,
        "overall_minimize": 0.038,
        "overall_maximize": 0.5303473053892216,
        "overall_mean": 0.3487719157346058
    }
}