{
    "overall_auc": 0.9071692821929263,
    "threshold_f1": {
        "amr_true_paraphrases": 0.8716216216216216,
        "fb-anli-hyp-pre": 0.0,
        "fb-anli-pre-hyp": 0.0,
        "fb-xnli-hyp-pre": 0.0,
        "fb-xnli-pre-hyp": 0.0,
        "ms-mrpc": 0.6088631984585742,
        "onestop_parallel_all_pairs": 0.9754098360655737,
        "paws-x-test": 0.5703839122486288,
        "sickr-sts": 0.0,
        "stannlp-snli-hyp-pre": 0.0,
        "stannlp-snli-pre-hyp": 0.0,
        "stsbenchmark-test-sts": 0.526595744680851,
        "overall_classify": 0.5686142851293514,
        "overall_minimize": 0.0,
        "overall_maximize": 0.9235157288435977,
        "overall_mean": 0.49737667132431634
    },
    "classifier_f1": {
        "amr_true_paraphrases": 0.636734693877551,
        "fb-anli-hyp-pre": 0.0,
        "fb-anli-pre-hyp": 0.0,
        "fb-xnli-hyp-pre": 1.0,
        "fb-xnli-pre-hyp": 0.0,
        "ms-mrpc": 0.38425925925925924,
        "onestop_parallel_all_pairs": 0.8290398126463701,
        "paws-x-test": 0.5476190476190477,
        "sickr-sts": 0.0,
        "stannlp-snli-hyp-pre": 0.0,
        "stannlp-snli-pre-hyp": 0.0,
        "stsbenchmark-test-sts": 0.5799256505576208,
        "overall_classify": 0.5039346524786427,
        "overall_minimize": 0.14285714285714285,
        "overall_maximize": 0.7328872532619606,
        "overall_mean": 0.4598930161992487
    },
    "threshold_error": {
        "amr_true_paraphrases": 0.22754491017964074,
        "fb-anli-hyp-pre": 0.03400000000000003,
        "fb-anli-pre-hyp": 0.04200000000000004,
        "fb-xnli-hyp-pre": 0.014000000000000012,
        "fb-xnli-pre-hyp": 0.014000000000000012,
        "ms-mrpc": 0.406,
        "onestop_parallel_all_pairs": 0.04800000000000004,
        "paws-x-test": 0.47,
        "sickr-sts": 0.41400000000000003,
        "stannlp-snli-hyp-pre": 0.030000000000000027,
        "stannlp-snli-pre-hyp": 0.04800000000000004,
        "stsbenchmark-test-sts": 0.5266272189349113,
        "overall_classify": 0.4675424063116371,
        "overall_minimize": 0.08514285714285717,
        "overall_maximize": 0.1377724550898204,
        "overall_mean": 0.2301525728481049
    },
    "classifier_error": {
        "amr_true_paraphrases": 0.5329341317365269,
        "fb-anli-hyp-pre": 0.0040000000000000036,
        "fb-anli-pre-hyp": 0.006000000000000005,
        "fb-xnli-hyp-pre": 0.0,
        "fb-xnli-pre-hyp": 0.0020000000000000018,
        "ms-mrpc": 0.532,
        "onestop_parallel_all_pairs": 0.29200000000000004,
        "paws-x-test": 0.45599999999999996,
        "sickr-sts": 0.264,
        "stannlp-snli-hyp-pre": 0.01200000000000001,
        "stannlp-snli-pre-hyp": 0.01200000000000001,
        "stsbenchmark-test-sts": 0.334319526627219,
        "overall_classify": 0.4407731755424063,
        "overall_minimize": 0.042857142857142864,
        "overall_maximize": 0.4124670658682635,
        "overall_mean": 0.29869912808927085
    }
}