{
    "overall_auc": 0.8832848718038611,
    "threshold_f1": {
        "amr_true_paraphrases": 0.9659442724458205,
        "fb-anli-hyp-pre": 0.0,
        "fb-anli-pre-hyp": 0.0,
        "fb-xnli-hyp-pre": 0.0,
        "fb-xnli-pre-hyp": 0.0,
        "ms-mrpc": 0.7607988852763585,
        "onestop_parallel_all_pairs": 0.9873417721518988,
        "paws-x-test": 0.6133159835176751,
        "sickr-sts": 0.0,
        "stannlp-snli-hyp-pre": 0.0,
        "stannlp-snli-pre-hyp": 0.0,
        "stsbenchmark-test-sts": 0.509090909090909,
        "tapaco_paraphrases": 0.5493239859789685,
        "overall_classify": 0.6277352592949809,
        "overall_minimize": 0.0,
        "overall_maximize": 0.8342033435255626,
        "overall_mean": 0.48731286760684783
    },
    "classifier_f1": {
        "amr_true_paraphrases": 0.4954954954954955,
        "fb-anli-hyp-pre": 1.0,
        "fb-anli-pre-hyp": 1.0,
        "fb-xnli-hyp-pre": 0.0,
        "fb-xnli-pre-hyp": 0.0,
        "ms-mrpc": 0.20576773187840997,
        "onestop_parallel_all_pairs": 0.723404255319149,
        "paws-x-test": 0.5310423825887743,
        "sickr-sts": 0.0,
        "stannlp-snli-hyp-pre": 0.0,
        "stannlp-snli-pre-hyp": 0.0,
        "stsbenchmark-test-sts": 0.5058823529411764,
        "tapaco_paraphrases": 0.11944173969490425,
        "overall_classify": 0.4142308224694536,
        "overall_minimize": 0.2857142857142857,
        "overall_maximize": 0.44611383016984957,
        "overall_mean": 0.38201964611786293
    },
    "threshold_error": {
        "amr_true_paraphrases": 0.06586826347305386,
        "fb-anli-hyp-pre": 0.04761904761904767,
        "fb-anli-pre-hyp": 0.04761904761904767,
        "fb-xnli-hyp-pre": 0.016886227544910204,
        "fb-xnli-pre-hyp": 0.016886227544910204,
        "ms-mrpc": 0.2985507246376812,
        "onestop_parallel_all_pairs": 0.025000000000000022,
        "paws-x-test": 0.5094285714285715,
        "sickr-sts": 0.3578120278029616,
        "stannlp-snli-hyp-pre": 0.055488540410132736,
        "stannlp-snli-pre-hyp": 0.055488540410132736,
        "stsbenchmark-test-sts": 0.5591715976331362,
        "tapaco_paraphrases": 0.6213324128408699,
        "overall_classify": 0.45571696456646293,
        "overall_minimize": 0.08539995127873469,
        "overall_maximize": 0.2374002254379746,
        "overall_mean": 0.2595057137610574
    },
    "classifier_error": {
        "amr_true_paraphrases": 0.6706586826347305,
        "fb-anli-hyp-pre": 0.0,
        "fb-anli-pre-hyp": 0.0,
        "fb-xnli-hyp-pre": 0.0001796407185629123,
        "fb-xnli-pre-hyp": 0.0001796407185629123,
        "ms-mrpc": 0.5907246376811595,
        "onestop_parallel_all_pairs": 0.43333333333333335,
        "paws-x-test": 0.4386428571428571,
        "sickr-sts": 0.1355898055807394,
        "stannlp-snli-hyp-pre": 0.001357056694813008,
        "stannlp-snli-pre-hyp": 0.001357056694813008,
        "stsbenchmark-test-sts": 0.24852071005917165,
        "tapaco_paraphrases": 0.936486020020711,
        "overall_classify": 0.4259627349610627,
        "overall_minimize": 0.019809028629641606,
        "overall_maximize": 0.6801593453295917,
        "overall_mean": 0.3753103696400986
    }
}