{
    "overall_auc": 0.8764009137999245,
    "threshold_f1": {
        "amr_true_paraphrases": 0.9329073482428115,
        "fb-anli-hyp-pre": 0.0,
        "fb-anli-pre-hyp": 0.0,
        "fb-xnli-hyp-pre": 0.0,
        "fb-xnli-pre-hyp": 0.0,
        "ms-mrpc": 0.7217004448838359,
        "onestop_parallel_all_pairs": 0.9839119390347163,
        "paws-x-test": 0.6060305385590651,
        "sickr-sts": 0.0,
        "stannlp-snli-hyp-pre": 0.0,
        "stannlp-snli-pre-hyp": 0.0,
        "stsbenchmark-test-sts": 0.5354330708661418,
        "tapaco_paraphrases": 0.6840790370202134,
        "overall_classify": 0.621054684769681,
        "overall_minimize": 0.0,
        "overall_maximize": 0.8669661080992471,
        "overall_mean": 0.4960069309563093
    },
    "classifier_f1": {
        "amr_true_paraphrases": 0.4748858447488584,
        "fb-anli-hyp-pre": 0.0,
        "fb-anli-pre-hyp": 0.0,
        "fb-xnli-hyp-pre": 0.0,
        "fb-xnli-pre-hyp": 0.0,
        "ms-mrpc": 0.2001563721657545,
        "onestop_parallel_all_pairs": 0.6577181208053692,
        "paws-x-test": 0.5094110994426044,
        "sickr-sts": 0.0,
        "stannlp-snli-hyp-pre": 0.0,
        "stannlp-snli-pre-hyp": 0.0,
        "stsbenchmark-test-sts": 0.5476190476190477,
        "tapaco_paraphrases": 0.12127107652399481,
        "overall_classify": 0.4190621730758022,
        "overall_minimize": 0.0,
        "overall_maximize": 0.4179583473594075,
        "overall_mean": 0.2790068401450699
    },
    "threshold_error": {
        "amr_true_paraphrases": 0.12574850299401197,
        "fb-anli-hyp-pre": 0.015037593984962405,
        "fb-anli-pre-hyp": 0.015037593984962405,
        "fb-xnli-hyp-pre": 0.012754491017964109,
        "fb-xnli-pre-hyp": 0.012754491017964109,
        "ms-mrpc": 0.32637681159420295,
        "onestop_parallel_all_pairs": 0.03166666666666662,
        "paws-x-test": 0.5105,
        "sickr-sts": 0.42681575501158453,
        "stannlp-snli-hyp-pre": 0.046441495778045794,
        "stannlp-snli-pre-hyp": 0.046441495778045794,
        "stsbenchmark-test-sts": 0.5236686390532544,
        "tapaco_paraphrases": 0.48015188125647223,
        "overall_classify": 0.45351515021581906,
        "overall_minimize": 0.08218327379621845,
        "overall_maximize": 0.21252235030571695,
        "overall_mean": 0.24940692477258483
    },
    "classifier_error": {
        "amr_true_paraphrases": 0.688622754491018,
        "fb-anli-hyp-pre": 0.0012531328320801727,
        "fb-anli-pre-hyp": 0.0012531328320801727,
        "fb-xnli-hyp-pre": 0.00011976047904194154,
        "fb-xnli-pre-hyp": 0.00011976047904194154,
        "ms-mrpc": 0.5930434782608696,
        "onestop_parallel_all_pairs": 0.51,
        "paws-x-test": 0.43378571428571433,
        "sickr-sts": 0.14999496323159056,
        "stannlp-snli-hyp-pre": 0.000904704463208672,
        "stannlp-snli-pre-hyp": 0.000904704463208672,
        "stsbenchmark-test-sts": 0.2248520710059172,
        "tapaco_paraphrases": 0.9354504659993096,
        "overall_classify": 0.4172270878508337,
        "overall_minimize": 0.02207859411146459,
        "overall_maximize": 0.7113577401634426,
        "overall_mean": 0.3835544740419136
    }
}