{
    "overall_auc": 0.8851654540732098,
    "threshold_f1": {
        "amr_true_paraphrases": 0.9595015576323987,
        "fb-anli-hyp-pre": 0.0,
        "fb-anli-pre-hyp": 0.0,
        "fb-xnli-hyp-pre": 0.0,
        "fb-xnli-pre-hyp": 0.0,
        "ms-mrpc": 0.7956403269754768,
        "onestop_parallel_all_pairs": 0.9890480202190396,
        "paws-x-test": 0.621875624875025,
        "sickr-sts": 0.0,
        "stannlp-snli-hyp-pre": 0.0,
        "stannlp-snli-pre-hyp": 0.0,
        "stsbenchmark-test-sts": 0.5340314136125655,
        "tapaco_paraphrases": 0.39723374827109265,
        "overall_classify": 0.6505157884876891,
        "overall_minimize": 0.0,
        "overall_maximize": 0.781927775374177,
        "overall_mean": 0.4774811879539554
    },
    "classifier_f1": {
        "amr_true_paraphrases": 0.41706161137440756,
        "fb-anli-hyp-pre": 0.0,
        "fb-anli-pre-hyp": 0.0,
        "fb-xnli-hyp-pre": 0.0,
        "fb-xnli-pre-hyp": 0.0,
        "ms-mrpc": 0.09151414309484193,
        "onestop_parallel_all_pairs": 0.5981308411214953,
        "paws-x-test": 0.5214561416786498,
        "sickr-sts": 0.0,
        "stannlp-snli-hyp-pre": 0.0,
        "stannlp-snli-pre-hyp": 0.0,
        "stsbenchmark-test-sts": 0.41134751773049644,
        "tapaco_paraphrases": 0.1261319534282018,
        "overall_classify": 0.3414392675013294,
        "overall_minimize": 0.0,
        "overall_maximize": 0.3804414686413682,
        "overall_mean": 0.24062691204756584
    },
    "threshold_error": {
        "amr_true_paraphrases": 0.07784431137724546,
        "fb-anli-hyp-pre": 0.013784461152882233,
        "fb-anli-pre-hyp": 0.013784461152882233,
        "fb-xnli-hyp-pre": 0.03568862275449103,
        "fb-xnli-pre-hyp": 0.03568862275449103,
        "ms-mrpc": 0.26086956521739135,
        "onestop_parallel_all_pairs": 0.021666666666666612,
        "paws-x-test": 0.5402857142857143,
        "sickr-sts": 0.3690943890399919,
        "stannlp-snli-hyp-pre": 0.044179734620024114,
        "stannlp-snli-pre-hyp": 0.044179734620024114,
        "stsbenchmark-test-sts": 0.5266272189349113,
        "tapaco_paraphrases": 0.752157404211253,
        "overall_classify": 0.4425941661460056,
        "overall_minimize": 0.07948571801354096,
        "overall_maximize": 0.28388946075172167,
        "overall_mean": 0.26865644830375607
    },
    "classifier_error": {
        "amr_true_paraphrases": 0.7365269461077844,
        "fb-anli-hyp-pre": 0.0012531328320801727,
        "fb-anli-pre-hyp": 0.0012531328320801727,
        "fb-xnli-hyp-pre": 0.00011976047904194154,
        "fb-xnli-pre-hyp": 0.00011976047904194154,
        "ms-mrpc": 0.6330434782608696,
        "onestop_parallel_all_pairs": 0.5733333333333333,
        "paws-x-test": 0.4516428571428571,
        "sickr-sts": 0.11242067089755214,
        "stannlp-snli-hyp-pre": 0.000452352231604336,
        "stannlp-snli-pre-hyp": 0.000452352231604336,
        "stsbenchmark-test-sts": 0.24556213017751483,
        "tapaco_paraphrases": 0.9326889886089058,
        "overall_classify": 0.44341615519374716,
        "overall_minimize": 0.01658159456900072,
        "overall_maximize": 0.7475164226833412,
        "overall_mean": 0.40250472414869637
    }
}