{
    "overall_auc": 0.8347021201108916,
    "threshold_f1": {
        "amr_true_paraphrases": 0.9294871794871795,
        "fb-anli-hyp-pre": 0.0,
        "fb-anli-pre-hyp": 0.0,
        "fb-xnli-hyp-pre": 0.0,
        "fb-xnli-pre-hyp": 0.0,
        "ms-mrpc": 0.6578529878371232,
        "onestop_parallel_all_pairs": 0.9655172413793104,
        "paws-x-test": 0.5956309022641939,
        "sickr-sts": 0.0,
        "stannlp-snli-hyp-pre": 0.0,
        "stannlp-snli-pre-hyp": 0.0,
        "stsbenchmark-test-sts": 0.5509641873278237,
        "tapaco_paraphrases": 0.4420543156762571,
        "overall_classify": 0.6014826924763803,
        "overall_minimize": 0.0,
        "overall_maximize": 0.7790195788475822,
        "overall_mean": 0.4601674237746542
    },
    "classifier_f1": {
        "amr_true_paraphrases": 0.24210526315789474,
        "fb-anli-hyp-pre": 0.0,
        "fb-anli-pre-hyp": 0.0,
        "fb-xnli-hyp-pre": 0.0,
        "fb-xnli-pre-hyp": 0.0,
        "ms-mrpc": 0.09302325581395349,
        "onestop_parallel_all_pairs": 0.5074626865671642,
        "paws-x-test": 0.37577068685776094,
        "sickr-sts": 0.0,
        "stannlp-snli-hyp-pre": 0.0,
        "stannlp-snli-pre-hyp": 0.0,
        "stsbenchmark-test-sts": 0.375,
        "tapaco_paraphrases": 0.06026113157013726,
        "overall_classify": 0.2812646475572382,
        "overall_minimize": 0.0,
        "overall_maximize": 0.26994302709839874,
        "overall_mean": 0.18373589155187897
    },
    "threshold_error": {
        "amr_true_paraphrases": 0.13173652694610782,
        "fb-anli-hyp-pre": 0.023809523809523836,
        "fb-anli-pre-hyp": 0.023809523809523836,
        "fb-xnli-hyp-pre": 0.038203592814371246,
        "fb-xnli-pre-hyp": 0.038203592814371246,
        "ms-mrpc": 0.375072463768116,
        "onestop_parallel_all_pairs": 0.06666666666666665,
        "paws-x-test": 0.5077142857142858,
        "sickr-sts": 0.4412209126624358,
        "stannlp-snli-hyp-pre": 0.04734620024125458,
        "stannlp-snli-pre-hyp": 0.04734620024125458,
        "stsbenchmark-test-sts": 0.4822485207100592,
        "tapaco_paraphrases": 0.7162581981360028,
        "overall_classify": 0.45501175673082034,
        "overall_minimize": 0.09427707805610501,
        "overall_maximize": 0.30488713058292577,
        "overall_mean": 0.28472532178995036
    },
    "classifier_error": {
        "amr_true_paraphrases": 0.8622754491017964,
        "fb-anli-hyp-pre": 0.0012531328320801727,
        "fb-anli-pre-hyp": 0.0012531328320801727,
        "fb-xnli-hyp-pre": 0.0001796407185629123,
        "fb-xnli-pre-hyp": 0.0001796407185629123,
        "ms-mrpc": 0.6330434782608696,
        "onestop_parallel_all_pairs": 0.6599999999999999,
        "paws-x-test": 0.41221428571428576,
        "sickr-sts": 0.14233907524932,
        "stannlp-snli-hyp-pre": 0.000452352231604336,
        "stannlp-snli-pre-hyp": 0.000452352231604336,
        "stsbenchmark-test-sts": 0.26627218934911245,
        "tapaco_paraphrases": 0.9689333793579565,
        "overall_classify": 0.4371766511080893,
        "overall_minimize": 0.02087276097340212,
        "overall_maximize": 0.8304029428199176,
        "overall_mean": 0.4294841183004697
    }
}