{
    "overall_auc": 0.8727174930666015,
    "threshold_f1": {
        "amr_true_paraphrases": 0.8402777777777778,
        "fb-anli-hyp-pre": 0.0,
        "fb-anli-pre-hyp": 0.0,
        "fb-xnli-hyp-pre": 0.0,
        "fb-xnli-pre-hyp": 0.0,
        "ms-mrpc": 0.6565051714752314,
        "onestop_parallel_all_pairs": 0.9637305699481865,
        "paws-x-test": 0.6016519823788546,
        "sickr-sts": 0.0,
        "stannlp-snli-hyp-pre": 0.0,
        "stannlp-snli-pre-hyp": 0.0,
        "stsbenchmark-test-sts": 0.5340909090909091,
        "tapaco_paraphrases": 0.725753243897075,
        "overall_classify": 0.5974160209816651,
        "overall_minimize": 0.0,
        "overall_maximize": 0.8432538638743464,
        "overall_mean": 0.48022329495200383
    },
    "classifier_f1": {
        "amr_true_paraphrases": 0.27835051546391754,
        "fb-anli-hyp-pre": 0.0,
        "fb-anli-pre-hyp": 0.0,
        "fb-xnli-hyp-pre": 0.0,
        "fb-xnli-pre-hyp": 0.0,
        "ms-mrpc": 0.17142857142857143,
        "onestop_parallel_all_pairs": 0.5697258641239571,
        "paws-x-test": 0.5560276155071694,
        "sickr-sts": 0.0,
        "stannlp-snli-hyp-pre": 0.0,
        "stannlp-snli-pre-hyp": 0.0,
        "stsbenchmark-test-sts": 0.43037974683544306,
        "tapaco_paraphrases": 0.2663076002393776,
        "overall_classify": 0.3859453112570613,
        "overall_minimize": 0.0,
        "overall_maximize": 0.3714613266090841,
        "overall_mean": 0.25246887928871514
    },
    "threshold_error": {
        "amr_true_paraphrases": 0.27544910179640714,
        "fb-anli-hyp-pre": 0.010025062656641603,
        "fb-anli-pre-hyp": 0.010025062656641603,
        "fb-xnli-hyp-pre": 0.011556886227544916,
        "fb-xnli-pre-hyp": 0.011556886227544916,
        "ms-mrpc": 0.36579710144927535,
        "onestop_parallel_all_pairs": 0.06999999999999995,
        "paws-x-test": 0.5167142857142857,
        "sickr-sts": 0.3446156945703637,
        "stannlp-snli-hyp-pre": 0.04900482509047044,
        "stannlp-snli-pre-hyp": 0.04900482509047044,
        "stsbenchmark-test-sts": 0.485207100591716,
        "tapaco_paraphrases": 0.4304452882292026,
        "overall_classify": 0.45590616258509237,
        "overall_minimize": 0.06939846321709679,
        "overall_maximize": 0.25863146334186987,
        "overall_mean": 0.2613120297146863
    },
    "classifier_error": {
        "amr_true_paraphrases": 0.8383233532934131,
        "fb-anli-hyp-pre": 0.0025062656641604564,
        "fb-anli-pre-hyp": 0.0025062656641604564,
        "fb-xnli-hyp-pre": 0.001556886227544907,
        "fb-xnli-pre-hyp": 0.001556886227544907,
        "ms-mrpc": 0.6052173913043478,
        "onestop_parallel_all_pairs": 0.6016666666666667,
        "paws-x-test": 0.47771428571428576,
        "sickr-sts": 0.10768610859272687,
        "stannlp-snli-hyp-pre": 0.00030156815440285367,
        "stannlp-snli-pre-hyp": 0.00030156815440285367,
        "stsbenchmark-test-sts": 0.26627218934911245,
        "tapaco_paraphrases": 0.8463928201587849,
        "overall_classify": 0.449734622122582,
        "overall_minimize": 0.016630792669277614,
        "overall_maximize": 0.762127613372955,
        "overall_mean": 0.4094976760549382
    }
}