{
    "overall_auc": 0.7991703414248954,
    "threshold_f1": {
        "amr_true_paraphrases": 0.8716216216216216,
        "fb-anli-hyp-pre": 0.0,
        "fb-anli-pre-hyp": 0.0,
        "fb-xnli-hyp-pre": 0.0,
        "fb-xnli-pre-hyp": 0.0,
        "ms-mrpc": 0.5812751292360713,
        "onestop_parallel_all_pairs": 0.9637305699481865,
        "paws-x-test": 0.5958503054989817,
        "sickr-sts": 0.0,
        "stannlp-snli-hyp-pre": 0.0,
        "stannlp-snli-pre-hyp": 0.0,
        "stsbenchmark-test-sts": 0.56875,
        "tapaco_paraphrases": 0.21723076923076923,
        "overall_classify": 0.5819584782450177,
        "overall_minimize": 0.0,
        "overall_maximize": 0.6841943202668591,
        "overall_mean": 0.4220509328372923
    },
    "classifier_f1": {
        "amr_true_paraphrases": 0.17486338797814208,
        "fb-anli-hyp-pre": 0.0,
        "fb-anli-pre-hyp": 0.0,
        "fb-xnli-hyp-pre": 0.0,
        "fb-xnli-pre-hyp": 0.0,
        "ms-mrpc": 0.12081632653061225,
        "onestop_parallel_all_pairs": 0.5130111524163569,
        "paws-x-test": 0.17985012489592006,
        "sickr-sts": 0.0,
        "stannlp-snli-hyp-pre": 0.0,
        "stannlp-snli-pre-hyp": 0.0,
        "stsbenchmark-test-sts": 0.34965034965034963,
        "tapaco_paraphrases": 0.051126807938109656,
        "overall_classify": 0.21677226702562732,
        "overall_minimize": 0.0,
        "overall_maximize": 0.24633378277753618,
        "overall_mean": 0.15436868326772116
    },
    "threshold_error": {
        "amr_true_paraphrases": 0.22754491017964074,
        "fb-anli-hyp-pre": 0.010025062656641603,
        "fb-anli-pre-hyp": 0.010025062656641603,
        "fb-xnli-hyp-pre": 0.0067664670658682535,
        "fb-xnli-pre-hyp": 0.0067664670658682535,
        "ms-mrpc": 0.42260869565217396,
        "onestop_parallel_all_pairs": 0.06999999999999995,
        "paws-x-test": 0.4535714285714286,
        "sickr-sts": 0.44212753097612567,
        "stannlp-snli-hyp-pre": 0.026990349819059123,
        "stannlp-snli-pre-hyp": 0.026990349819059123,
        "stsbenchmark-test-sts": 0.40828402366863903,
        "tapaco_paraphrases": 0.8781498101484294,
        "overall_classify": 0.42815471596408056,
        "overall_minimize": 0.07567018429418051,
        "overall_maximize": 0.3918982401093567,
        "overall_mean": 0.2985743801225393
    },
    "classifier_error": {
        "amr_true_paraphrases": 0.9041916167664671,
        "fb-anli-hyp-pre": 0.0025062656641604564,
        "fb-anli-pre-hyp": 0.0025062656641604564,
        "fb-xnli-hyp-pre": 0.0014970059880239361,
        "fb-xnli-pre-hyp": 0.0014970059880239361,
        "ms-mrpc": 0.6243478260869566,
        "onestop_parallel_all_pairs": 0.655,
        "paws-x-test": 0.42214285714285715,
        "sickr-sts": 0.1272287700211544,
        "stannlp-snli-hyp-pre": 0.0012062726176115257,
        "stannlp-snli-pre-hyp": 0.0012062726176115257,
        "stsbenchmark-test-sts": 0.2751479289940828,
        "tapaco_paraphrases": 0.9737659647911633,
        "overall_classify": 0.4405462040746322,
        "overall_minimize": 0.01966397979439232,
        "overall_maximize": 0.8443191938525434,
        "overall_mean": 0.43484312590718927
    }
}