{
    "amr_true_paraphrases": {
        "threshold_learning": {
            "f1_score": 0.7251908396946565,
            "error": 0.43113772455089816,
            "threshold": 0.9396984924623115
        },
        "classifier_learning": {
            "f1_score": 0.2328042328042328,
            "error": 0.8682634730538922
        },
        "goal": "maximize"
    },
    "fb-anli-hyp-pre": {
        "threshold_learning": {
            "f1_score": 0.0,
            "error": 0.0020000000000000018,
            "threshold": 0.9396984924623115
        },
        "classifier_learning": {
            "f1_score": 0.0,
            "error": 0.0
        },
        "goal": "minimize"
    },
    "fb-anli-pre-hyp": {
        "threshold_learning": {
            "f1_score": 0.0,
            "error": 0.0040000000000000036,
            "threshold": 0.9396984924623115
        },
        "classifier_learning": {
            "f1_score": 0.0,
            "error": 0.0
        },
        "goal": "minimize"
    },
    "fb-xnli-hyp-pre": {
        "threshold_learning": {
            "f1_score": 0.0,
            "error": 0.0,
            "threshold": 0.9396984924623115
        },
        "classifier_learning": {
            "f1_score": 0.0,
            "error": 0.0
        },
        "goal": "minimize"
    },
    "fb-xnli-pre-hyp": {
        "threshold_learning": {
            "f1_score": 0.0,
            "error": 0.0,
            "threshold": 0.9396984924623115
        },
        "classifier_learning": {
            "f1_score": 0.0,
            "error": 0.0
        },
        "goal": "minimize"
    },
    "ms-mrpc": {
        "threshold_learning": {
            "f1_score": 0.3990719257540603,
            "error": 0.518,
            "threshold": 0.9396984924623115
        },
        "classifier_learning": {
            "f1_score": 0.023323615160349854,
            "error": 0.6699999999999999
        },
        "goal": "classify"
    },
    "onestop_parallel_all_pairs": {
        "threshold_learning": {
            "f1_score": 0.8814317673378076,
            "error": 0.21199999999999997,
            "threshold": 0.9396984924623115
        },
        "classifier_learning": {
            "f1_score": 0.42022116903633494,
            "error": 0.734
        },
        "goal": "maximize"
    },
    "paws-x-test": {
        "threshold_learning": {
            "f1_score": 0.5031446540880503,
            "error": 0.474,
            "threshold": 0.9396984924623115
        },
        "classifier_learning": {
            "f1_score": 0.3357142857142857,
            "error": 0.372
        },
        "goal": "classify"
    },
    "sickr-sts": {
        "threshold_learning": {
            "f1_score": 0.0,
            "error": 0.19999999999999996,
            "threshold": 0.9396984924623115
        },
        "classifier_learning": {
            "f1_score": 0.0,
            "error": 0.038000000000000034
        },
        "goal": "minimize"
    },
    "stannlp-snli-hyp-pre": {
        "threshold_learning": {
            "f1_score": 0.0,
            "error": 0.006000000000000005,
            "threshold": 0.9396984924623115
        },
        "classifier_learning": {
            "f1_score": 0.0,
            "error": 0.0
        },
        "goal": "minimize"
    },
    "stannlp-snli-pre-hyp": {
        "threshold_learning": {
            "f1_score": 0.0,
            "error": 0.01200000000000001,
            "threshold": 0.9396984924623115
        },
        "classifier_learning": {
            "f1_score": 0.0,
            "error": 0.0
        },
        "goal": "minimize"
    },
    "stsbenchmark-test-sts": {
        "threshold_learning": {
            "f1_score": 0.5955555555555555,
            "error": 0.2692307692307693,
            "threshold": 0.9396984924623115
        },
        "classifier_learning": {
            "f1_score": 0.3230769230769231,
            "error": 0.2603550295857988
        },
        "goal": "classify"
    },
    "mean_classify_threshold": 0.42041025641025637,
    "mean_minimize_threshold": 0.031999999999999994,
    "mean_maximize_threshold": 0.32156886227544906,
    "mean_classify": 0.4341183431952662,
    "mean_minimize": 0.005428571428571434,
    "mean_maximize": 0.8011317365269461,
    "overall_mean_threshold": 0.25799303956190184,
    "overall_mean": 0.41355955038359465
}